{
    "Negative": {
        "precision": 0.8974358974358975,
        "recall": 0.7954545454545454,
        "f1-score": 0.8433734939759037,
        "support": 44.0
    },
    "Positive": {
        "precision": 0.6896551724137931,
        "recall": 0.8333333333333334,
        "f1-score": 0.7547169811320755,
        "support": 24.0
    },
    "accuracy": 0.8088235294117647,
    "macro avg": {
        "precision": 0.7935455349248453,
        "recall": 0.8143939393939394,
        "f1-score": 0.7990452375539896,
        "support": 68.0
    },
    "weighted avg": {
        "precision": 0.8241015238986842,
        "recall": 0.8088235294117647,
        "f1-score": 0.8120829600310231,
        "support": 68.0
    }
}